name,address,phone
頭城休閒旅館,宜蘭縣頭城鎮更新路125-2號,03-9772222
馬達利沙灘會館,宜蘭縣頭城鎮濱海路二段350號,03-9772668
丹尼渡假莊園,宜蘭縣頭城鎮下埔里三和路169巷10號,0937-908546
夏朶沙灘渡假會館,宜蘭縣頭城鎮濱海路二段356號,03-9771168
天外天頂級休閒民宿,宜蘭縣頭城鎮濱海路二段368號,03-9777939
烏石港民宿,宜蘭縣頭城鎮烏石港路15號,03-9789096
第一山海行館,宜蘭縣頭城鎮文化路205巷28號,0928-805-568
開蘭行旅,宜蘭縣頭城鎮環鎮東路二段357號2樓之16,03-9789010
蘭博四季I館,宜蘭縣頭城鎮環鎮東路二段600巷5號,0988-082869
閑閑的海,宜蘭縣頭城鎮蘭博二路200巷13號,0921-130575
候鳥旅宿,宜蘭縣頭城鎮濱海路六段317號,0989-882990
真情行館,宜蘭縣頭城鎮外澳里濱海路二段70號,03-9773523
6007民宿,宜蘭縣頭城鎮環鎮東路二段600巷7號,0936-186668
富家家民宿,宜蘭縣頭城鎮蘭博二路200巷29號,0909-280393
海吉兒,宜蘭縣頭城鎮外澳里濱海路二段1巷11號,0928-182834
蘭博四季II館,宜蘭縣頭城鎮環鎮東路二段600巷3號,0988-082869
嵐玥民宿,宜蘭縣頭城鎮蘭博二路200巷27號,0909-280393
雲心海民宿,宜蘭縣頭城鎮大溪里濱海路五段483號,03-9781027
大里驛民宿,宜蘭縣頭城鎮濱海路6段291號,0986-328397
大里驛館,宜蘭縣頭城鎮大里里濱海路六段317之2號,0986-328397
頭城青雲民宿,宜蘭縣頭城鎮青雲路1段100巷142號,0937-894416
寄居蟹,宜蘭縣頭城鎮頂埔路一段46號,0955-192219
菱線,宜蘭縣頭城鎮朝陽路81號,0905-072129
水鳥の家,宜蘭縣頭城鎮下埔里下埔路42-9號,0921-956150
琚珈海岸休閒民宿,宜蘭縣頭城鎮外澳里濱海路二段453號,03-9789974
家盈海岸休閒渡假民宿,宜蘭縣頭城鎮外澳里濱海路二段265號,03-9778020
小角落,宜蘭縣頭城鎮環鎮東路二段668巷7號,0975-381668
蜻蜓石,宜蘭縣頭城鎮仙公路201巷65號,0938-899800
蘭博會館Ⅱ館,宜蘭縣頭城鎮環鎮東路二段600巷19號,0989-569443
蘭博會館Ⅰ館,宜蘭縣頭城鎮環鎮東路二段600巷21號,0989-569443
黑舍民宿,宜蘭縣頭城鎮朝陽路100號,0958-093003
頭城賞鯨之家,宜蘭縣頭城鎮環鎮東路二段600巷9號,0937-882906
喬民宿,宜蘭縣頭城鎮蘭博二路200巷25號,989871477
艷陽天民宿,宜蘭縣頭城鎮環鎮東路二段600巷23號,0937-643113
海灘風情民宿,宜蘭縣頭城鎮外澳里濱海路二段68號,03-9773674
和風時尚會館,宜蘭縣頭城鎮宜三路一段56號,03-9777711
嵐中海民宿,宜蘭縣頭城鎮蘭博二路200巷31號,935817861
烏石居,宜蘭縣頭城鎮朝陽路93號,907296496
蕃薯旅店,宜蘭縣頭城鎮環鎮東路二段600巷13號,0931-160139
一號收容所,宜蘭縣頭城鎮環鎮東路二段668巷1號,0936-329888
海天濱海休閒民宿,宜蘭縣頭城鎮外澳里濱海路二段387號,03-9789466
妍海地帶,宜蘭縣頭城鎮濱海路六段51巷36號,0963-413434
蘭海休閒時光,宜蘭縣頭城鎮環鎮東路二段568巷25號,0978-202169
衝浪假期,宜蘭縣頭城鎮環鎮東路二段668巷10號,0953-081629
太平洋龜山島之戀,宜蘭縣頭城鎮環鎮東路二段568巷23號,0921-534-263
蘭海陽光海岸,宜蘭縣頭城鎮環鎮東路二段568巷27號,953081629
忠僕朗居文旅飯店,宜蘭縣頭城鎮青雲路三段126號,03-9772773
合盛６６民宿,宜蘭縣頭城鎮中崙里三和路616巷105弄8號,0913-833433
鯨艷民宿,宜蘭縣頭城鎮下埔路36之1號,0982-277-352
Wave青年旅店,宜蘭縣頭城鎮環鎮東路二段600巷33號,0961-001224
金緣民宿,宜蘭縣頭城鎮三和路457號,915501290
雪佛蘭之家民宿,宜蘭縣頭城鎮青雲路一段61號,03-9887730
愛戀民宿,宜蘭縣壯圍鄉過嶺村壯濱路三段39號,03-9307060
藍洋民宿,宜蘭縣壯圍鄉大福路三段96巷10號,0910-008565
幸福初芽,宜蘭縣壯圍鄉大福路二段150巷88弄16-10號,0976-592494
愛情海民宿,宜蘭縣壯圍鄉過嶺村壯濱路三段41號,03-9307060
風車館民宿,宜蘭縣壯圍鄉過嶺村壯濱路三段37號,03-9307060
歐野,宜蘭縣壯圍鄉美福村11鄰中興六路118巷6弄16號,0955-555315
璞園民宿,宜蘭縣壯圍鄉古亭村14鄰永美路二段61巷120號,0937-541648
禾風彩魚會館,宜蘭縣壯圍鄉中央路三段482號,0935666260-9307696
上萊茵莊園,宜蘭縣壯圍鄉美城村大福路二段256巷70弄31號,0919-305853
壯圍張宅,宜蘭縣壯圍鄉過嶺村過嶺路1巷36號,03-9307565
靚自然民宿,宜蘭縣壯圍鄉大福村壯濱路六段326巷1號,0905-859897
土圍１９２民宿,宜蘭縣壯圍鄉大福路三段92號,0933-224380
田野居民宿,宜蘭縣壯圍鄉美福村中興六路157號,03-9252806/0936194806
宜然風鄉村民宿,宜蘭縣壯圍鄉中央路一段53巷38弄12號,0963-799939
麋境,宜蘭縣壯圍鄉美功路1段41巷18號,0936-193518
幸福藍星民宿,宜蘭縣壯圍鄉美城村大福路三段53巷9號,0918-551353
賞櫻悅,宜蘭縣壯圍鄉大福路二段150巷37弄10號,02-24289812
宜蘭享輕鬆,宜蘭縣壯圍鄉大福路二段150巷37弄8號,933059999
童幻王國,宜蘭縣壯圍鄉順和路82-17號,930940007
綠天地田園民宿,宜蘭縣壯圍鄉忠孝村順和路97號,02-23382380
輕藍,宜蘭縣壯圍鄉功勞路15-8號,0928-836540
無待民宿,宜蘭縣壯圍鄉新南路1段55號,03-9333026
宜蘭桔舍,宜蘭縣壯圍鄉大福路二段150巷37弄6號,02-24657520
微圍住,宜蘭縣壯圍鄉大福路三段270巷21號,0932-187219
嘉的家,宜蘭縣壯圍鄉大福路三段232巷11號,0911-357750
躍橋民宿,宜蘭縣壯圍鄉美城村大福路三段438號,03-9313881
竹苑,宜蘭縣壯圍鄉古結村中興五路11號,0909-936078
雨庭宿,宜蘭縣壯圍鄉功勞村美功路一段80巷1號,918335005
蘭陽河畔居二館,宜蘭縣壯圍鄉新南路四段151巷1號,03-9573183
蘭陽河畔居三館,宜蘭縣壯圍鄉新南路四段151巷3號,03-9573183
徐升讚美會館,宜蘭縣壯圍鄉大福路三段96巷7號,0989-683237
好窄民宿,宜蘭縣壯圍鄉古結路33-2號,0988-280619
會心民宿,宜蘭縣壯圍鄉壯濱路一段222號,0955-835748
時光旅宿,宜蘭縣壯圍鄉忠孝村順和路19-1號,0958-836355
遇見壯圍,宜蘭縣壯圍鄉過嶺路261巷17-52號,0926-333291
新福窩,宜蘭縣壯圍鄉新福七路10號,0937-188279
逸居,宜蘭縣壯圍鄉新南路106-10號,0937-162296
麥穗星辰,宜蘭縣壯圍鄉中興三路156巷5號,900260999
朗朗,宜蘭縣壯圍鄉縣民大道1段67號,912326627
芊芊河畔休閒莊園民宿,宜蘭縣壯圍鄉大福路二段97號,0988-683255
忘憂匯館民宿,宜蘭縣壯圍鄉古結路35-9號,0911-587249
